{"accuracy": [1.0, 1.0, 1.0, 1.0, 1.0, 1.0, 1.0, 1.0, 1.0, 1.0], "loss": [0.1289578001201153, 0.12426555871963502, 0.12031013906002044, 0.11625627994537353, 0.11263865619897842, 0.10915302753448486, 0.10592071935534478, 0.10286235243082047, 0.09993529424071312, 0.09711788356304168], "val_loss": [0.33876065015792844, 0.3287486135959625, 0.3477458655834198, 0.4179133713245392, 0.5312101423740387, 0.68081613779068, 0.6346546947956085, 0.7031320214271546, 0.6434892773628235, 0.7144205629825592], "val_accuracy": [0.8799999952316284, 0.8799999952316284, 0.8600000143051147, 0.8600000143051147, 0.800000011920929, 0.7799999713897705, 0.7799999713897705, 0.7799999713897705, 0.800000011920929, 0.7599999904632568]}