{"accuracy": [1.0, 1.0, 1.0, 1.0, 1.0, 1.0, 1.0, 1.0, 1.0, 1.0], "val_accuracy": [0.699999988079071, 0.7400000095367432, 0.699999988079071, 0.699999988079071, 0.6800000071525574, 0.7200000286102295, 0.6399999856948853, 0.7400000095367432, 0.7200000286102295, 0.699999988079071], "val_loss": [0.8109849452972412, 0.7809802293777466, 1.0018838167190551, 1.0311564803123474, 1.0587123513221741, 0.9418487310409546, 1.2334067344665527, 0.9605200290679932, 1.0684154987335206, 1.0831419825553894], "loss": [0.09447132542729378, 0.09185835242271423, 0.08944265149533749, 0.08707620464265346, 0.08482328876852989, 0.08265392646193505, 0.08055864721536636, 0.07858524277806282, 0.07660824425518513, 0.0746746139973402]}