{"accuracy": [1.0, 1.0, 1.0, 1.0, 1.0, 1.0, 1.0, 1.0, 1.0, 1.0], "loss": [0.09453266851603985, 0.09190972223877907, 0.08939565233886242, 0.08713302090764045, 0.0848095840215683, 0.08267118789255619, 0.08065525881946087, 0.07853361144661904, 0.07660597361624241, 0.07479008659720421], "val_loss": [1.2639336347579957, 1.2848602890968324, 1.0901862978935242, 1.2373219013214112, 1.10414160490036, 1.11930992603302, 1.0430023670196533, 1.2137985229492188, 0.9828676462173462, 1.1412229537963867], "val_accuracy": [0.5400000214576721, 0.5400000214576721, 0.5799999833106995, 0.6000000238418579, 0.6800000071525574, 0.6000000238418579, 0.699999988079071, 0.5799999833106995, 0.6800000071525574, 0.6399999856948853]}