{"loss": [0.12906653985381125, 0.1242290809750557, 0.12009411558508873, 0.1163369932770729, 0.11260277882218361, 0.10913188248872757, 0.10600589141249657, 0.10286912366747857, 0.09993775919079781, 0.09717735871672631], "val_accuracy": [0.8600000143051147, 0.8799999952316284, 0.8999999761581421, 0.8399999737739563, 0.8399999737739563, 0.8399999737739563, 0.8399999737739563, 0.8600000143051147, 0.800000011920929, 0.7200000286102295], "accuracy": [1.0, 1.0, 1.0, 1.0, 1.0, 1.0, 1.0, 1.0, 1.0, 1.0], "val_loss": [0.3367047369480133, 0.3341112077236176, 0.31749083399772643, 0.33413278460502627, 0.3817317634820938, 0.3483164370059967, 0.3867912769317627, 0.4359227269887924, 0.5417535722255706, 0.7432932615280151]}