{"loss": [0.018238713964819908, 0.01776839978992939, 0.017317422851920127, 0.01687575697849523, 0.016468934901058673, 0.016069461964070796, 0.015695352175131145, 0.015315597597509622, 0.01495963092893362, 0.01461663879454136], "accuracy": [1.0, 1.0, 1.0, 1.0, 1.0, 1.0, 1.0, 1.0, 1.0, 1.0], "val_loss": [0.017976699769496916, 0.017517320066690444, 0.017076510936021805, 0.01665327325463295, 0.01624669209122658, 0.01585572324693203, 0.015479613840579987, 0.015117617323994637, 0.01476888358592987, 0.014432848431169987], "val_accuracy": [1.0, 1.0, 1.0, 1.0, 1.0, 1.0, 1.0, 1.0, 1.0, 1.0]}