{"accuracy": [1.0, 1.0, 1.0, 1.0, 1.0, 1.0, 1.0, 1.0, 1.0, 1.0], "loss": [0.09447941526770592, 0.09190952070057393, 0.08951808631420136, 0.08706919506192207, 0.08483809359371662, 0.08266842916607857, 0.08054899126291275, 0.07852242700755596, 0.07660912163555622, 0.07474865846335887], "val_loss": [0.6285643994808197, 0.6383361279964447, 0.8838228940963745, 0.6578208148479462, 0.939993703365326, 1.1373301982879638, 0.7793185234069824, 0.9911107063293457, 0.9412948846817016, 0.9426150679588318], "val_accuracy": [0.8199999928474426, 0.800000011920929, 0.7200000286102295, 0.800000011920929, 0.7200000286102295, 0.6399999856948853, 0.7599999904632568, 0.7200000286102295, 0.7400000095367432, 0.699999988079071]}