{"loss": [0.20788980543613433, 0.1886223465204239, 0.18009413301944732, 0.1403440921008587, 0.13452381387352944], "val_accuracy": [0.36000001430511475, 0.5799999833106995, 0.5199999809265137, 0.5400000214576721, 0.7599999904632568], "val_loss": [1.3355847120285034, 1.1012259006500245, 1.0022339701652527, 1.119832944869995, 0.5886078596115112], "accuracy": [0.9700000286102295, 0.9800000190734863, 0.9800000190734863, 1.0, 1.0]}