{"val_accuracy": [0.8600000143051147, 0.8799999952316284, 0.8999999761581421, 0.8199999928474426, 0.7200000286102295], "loss": [0.1289304895699024, 0.12441833510994911, 0.12018034383654594, 0.11643990963697433, 0.11257973462343215], "accuracy": [1.0, 1.0, 1.0, 1.0, 1.0], "val_loss": [0.3594529151916504, 0.3281481027603149, 0.3344500720500946, 0.37672160267829896, 0.6903732895851136]}