{"accuracy": [1.0, 1.0, 1.0, 1.0, 1.0, 1.0, 1.0, 1.0, 1.0, 1.0], "loss": [0.044462238363921644, 0.04364479191601276, 0.04284644778817892, 0.04202162772417069, 0.04124576602131128, 0.0405295979231596, 0.039783844575285915, 0.03906585991382599, 0.038359473422169686, 0.03768721461296082], "val_loss": [1.0271156549453735, 1.092310643196106, 0.9947417497634887, 1.1479443073272706, 1.1117016673088074, 1.0436828017234803, 1.1397369146347045, 1.1645622491836547, 1.0870550274848938, 1.102497398853302], "val_accuracy": [0.7200000286102295, 0.699999988079071, 0.7599999904632568, 0.7200000286102295, 0.7200000286102295, 0.7599999904632568, 0.7400000095367432, 0.7200000286102295, 0.7200000286102295, 0.7400000095367432]}