{"accuracy": [1.0, 1.0, 1.0], "val_loss": [0.7746712684631347, 0.8620614886283875, 0.7363450288772583], "loss": [0.0944922049343586, 0.09184108398854733, 0.08947758771479129], "val_accuracy": [0.7400000095367432, 0.7200000286102295, 0.7400000095367432]}